date,metric,value
2026-04-24T11:23:35+0000,bugs,2.0
2026-04-24T11:23:35+0000,code_smells,84.0
2026-04-24T11:23:35+0000,coverage,0.0
2026-04-24T11:23:35+0000,duplicated_lines_density,0.9
2026-04-24T11:23:35+0000,line_coverage,0.0
2026-04-24T11:23:35+0000,ncloc,16673.0
2026-04-24T11:23:35+0000,reliability_rating,3.0
2026-04-24T11:23:35+0000,security_rating,1.0
2026-04-24T11:23:35+0000,sqale_rating,1.0
2026-04-24T11:23:35+0000,violations,86.0
2026-04-24T11:23:35+0000,vulnerabilities,0.0
2026-04-26T23:55:24+0000,bugs,4.0
2026-04-26T23:55:24+0000,code_smells,45.0
2026-04-26T23:55:24+0000,coverage,0.0
2026-04-26T23:55:24+0000,duplicated_lines_density,0.9
2026-04-26T23:55:24+0000,line_coverage,0.0
2026-04-26T23:55:24+0000,ncloc,18371.0
2026-04-26T23:55:24+0000,reliability_rating,3.0
2026-04-26T23:55:24+0000,security_rating,1.0
2026-04-26T23:55:24+0000,sqale_rating,1.0
2026-04-26T23:55:24+0000,violations,49.0
2026-04-26T23:55:24+0000,vulnerabilities,0.0
2026-04-27T11:19:41+0000,bugs,3.0
2026-04-27T11:19:41+0000,code_smells,48.0
2026-04-27T11:19:41+0000,coverage,0.0
2026-04-27T11:19:41+0000,duplicated_lines_density,0.8
2026-04-27T11:19:41+0000,line_coverage,0.0
2026-04-27T11:19:41+0000,ncloc,19768.0
2026-04-27T11:19:41+0000,reliability_rating,3.0
2026-04-27T11:19:41+0000,security_rating,1.0
2026-04-27T11:19:41+0000,sqale_rating,1.0
2026-04-27T11:19:41+0000,violations,51.0
2026-04-27T11:19:41+0000,vulnerabilities,0.0
2026-04-28T16:23:38+0000,bugs,0.0
2026-04-28T16:23:38+0000,code_smells,5.0
2026-04-28T16:23:38+0000,coverage,9.6
2026-04-28T16:23:38+0000,duplicated_lines_density,0.0
2026-04-28T16:23:38+0000,line_coverage,6.5
2026-04-28T16:23:38+0000,ncloc,16911.0
2026-04-28T16:23:38+0000,reliability_rating,1.0
2026-04-28T16:23:38+0000,security_rating,1.0
2026-04-28T16:23:38+0000,sqale_rating,1.0
2026-04-28T16:23:38+0000,violations,5.0
2026-04-28T16:23:38+0000,vulnerabilities,0.0
2026-04-29T00:01:27+0000,bugs,0.0
2026-04-29T00:01:27+0000,code_smells,5.0
2026-04-29T00:01:27+0000,coverage,52.9
2026-04-29T00:01:27+0000,duplicated_lines_density,0.0
2026-04-29T00:01:27+0000,line_coverage,52.9
2026-04-29T00:01:27+0000,ncloc,36438.0
2026-04-29T00:01:27+0000,reliability_rating,1.0
2026-04-29T00:01:27+0000,security_rating,1.0
2026-04-29T00:01:27+0000,sqale_rating,1.0
2026-04-29T00:01:27+0000,violations,5.0
2026-04-29T00:01:27+0000,vulnerabilities,0.0
2026-04-29T00:03:20+0000,bugs,0.0
2026-04-29T00:03:20+0000,code_smells,5.0
2026-04-29T00:03:20+0000,coverage,58.7
2026-04-29T00:03:20+0000,duplicated_lines_density,0.0
2026-04-29T00:03:20+0000,line_coverage,59.2
2026-04-29T00:03:20+0000,ncloc,36438.0
2026-04-29T00:03:20+0000,reliability_rating,1.0
2026-04-29T00:03:20+0000,security_rating,1.0
2026-04-29T00:03:20+0000,sqale_rating,1.0
2026-04-29T00:03:20+0000,violations,5.0
2026-04-29T00:03:20+0000,vulnerabilities,0.0
2026-04-29T00:04:45+0000,bugs,0.0
2026-04-29T00:04:45+0000,code_smells,5.0
2026-04-29T00:04:45+0000,coverage,58.7
2026-04-29T00:04:45+0000,duplicated_lines_density,0.0
2026-04-29T00:04:45+0000,line_coverage,59.2
2026-04-29T00:04:45+0000,ncloc,36438.0
2026-04-29T00:04:45+0000,reliability_rating,1.0
2026-04-29T00:04:45+0000,security_rating,1.0
2026-04-29T00:04:45+0000,sqale_rating,1.0
2026-04-29T00:04:45+0000,violations,5.0
2026-04-29T00:04:45+0000,vulnerabilities,0.0
2026-04-29T00:12:21+0000,bugs,0.0
2026-04-29T00:12:21+0000,code_smells,5.0
2026-04-29T00:12:21+0000,coverage,58.7
2026-04-29T00:12:21+0000,duplicated_lines_density,0.0
2026-04-29T00:12:21+0000,line_coverage,59.2
2026-04-29T00:12:21+0000,ncloc,36438.0
2026-04-29T00:12:21+0000,reliability_rating,1.0
2026-04-29T00:12:21+0000,security_rating,1.0
2026-04-29T00:12:21+0000,sqale_rating,1.0
2026-04-29T00:12:21+0000,violations,5.0
2026-04-29T00:12:21+0000,vulnerabilities,0.0
2026-04-29T00:14:22+0000,bugs,0.0
2026-04-29T00:14:22+0000,code_smells,5.0
2026-04-29T00:14:22+0000,coverage,58.7
2026-04-29T00:14:22+0000,duplicated_lines_density,0.0
2026-04-29T00:14:22+0000,line_coverage,59.2
2026-04-29T00:14:22+0000,ncloc,36438.0
2026-04-29T00:14:22+0000,reliability_rating,1.0
2026-04-29T00:14:22+0000,security_rating,1.0
2026-04-29T00:14:22+0000,sqale_rating,1.0
2026-04-29T00:14:22+0000,violations,5.0
2026-04-29T00:14:22+0000,vulnerabilities,0.0
2026-04-29T00:18:22+0000,bugs,0.0
2026-04-29T00:18:22+0000,code_smells,5.0
2026-04-29T00:18:22+0000,coverage,58.7
2026-04-29T00:18:22+0000,duplicated_lines_density,0.0
2026-04-29T00:18:22+0000,line_coverage,59.2
2026-04-29T00:18:22+0000,ncloc,36438.0
2026-04-29T00:18:22+0000,reliability_rating,1.0
2026-04-29T00:18:22+0000,security_rating,1.0
2026-04-29T00:18:22+0000,sqale_rating,1.0
2026-04-29T00:18:22+0000,violations,5.0
2026-04-29T00:18:22+0000,vulnerabilities,0.0
2026-04-29T00:19:36+0000,bugs,0.0
2026-04-29T00:19:36+0000,code_smells,5.0
2026-04-29T00:19:36+0000,coverage,63.0
2026-04-29T00:19:36+0000,duplicated_lines_density,0.0
2026-04-29T00:19:36+0000,line_coverage,63.7
2026-04-29T00:19:36+0000,ncloc,36438.0
2026-04-29T00:19:36+0000,reliability_rating,1.0
2026-04-29T00:19:36+0000,security_rating,1.0
2026-04-29T00:19:36+0000,sqale_rating,1.0
2026-04-29T00:19:36+0000,violations,5.0
2026-04-29T00:19:36+0000,vulnerabilities,0.0
2026-04-29T00:21:56+0000,bugs,0.0
2026-04-29T00:21:56+0000,code_smells,5.0
2026-04-29T00:21:56+0000,coverage,63.7
2026-04-29T00:21:56+0000,duplicated_lines_density,0.0
2026-04-29T00:21:56+0000,line_coverage,64.5
2026-04-29T00:21:56+0000,ncloc,36438.0
2026-04-29T00:21:56+0000,reliability_rating,1.0
2026-04-29T00:21:56+0000,security_rating,1.0
2026-04-29T00:21:56+0000,sqale_rating,1.0
2026-04-29T00:21:56+0000,violations,5.0
2026-04-29T00:21:56+0000,vulnerabilities,0.0
2026-04-29T00:24:42+0000,bugs,0.0
2026-04-29T00:24:42+0000,code_smells,5.0
2026-04-29T00:24:42+0000,coverage,64.4
2026-04-29T00:24:42+0000,duplicated_lines_density,0.0
2026-04-29T00:24:42+0000,line_coverage,65.2
2026-04-29T00:24:42+0000,ncloc,36438.0
2026-04-29T00:24:42+0000,reliability_rating,1.0
2026-04-29T00:24:42+0000,security_rating,1.0
2026-04-29T00:24:42+0000,sqale_rating,1.0
2026-04-29T00:24:42+0000,violations,5.0
2026-04-29T00:24:42+0000,vulnerabilities,0.0
2026-04-29T00:26:49+0000,bugs,0.0
2026-04-29T00:26:49+0000,code_smells,5.0
2026-04-29T00:26:49+0000,coverage,64.7
2026-04-29T00:26:49+0000,duplicated_lines_density,0.0
2026-04-29T00:26:49+0000,line_coverage,65.6
2026-04-29T00:26:49+0000,ncloc,36438.0
2026-04-29T00:26:49+0000,reliability_rating,1.0
2026-04-29T00:26:49+0000,security_rating,1.0
2026-04-29T00:26:49+0000,sqale_rating,1.0
2026-04-29T00:26:49+0000,violations,5.0
2026-04-29T00:26:49+0000,vulnerabilities,0.0
2026-04-29T00:36:01+0000,bugs,0.0
2026-04-29T00:36:01+0000,code_smells,5.0
2026-04-29T00:36:01+0000,coverage,64.8
2026-04-29T00:36:01+0000,duplicated_lines_density,0.0
2026-04-29T00:36:01+0000,line_coverage,65.7
2026-04-29T00:36:01+0000,ncloc,22351.0
2026-04-29T00:36:01+0000,reliability_rating,1.0
2026-04-29T00:36:01+0000,security_rating,1.0
2026-04-29T00:36:01+0000,sqale_rating,1.0
2026-04-29T00:36:01+0000,violations,5.0
2026-04-29T00:36:01+0000,vulnerabilities,0.0
2026-04-29T00:42:21+0000,bugs,0.0
2026-04-29T00:42:21+0000,code_smells,5.0
2026-04-29T00:42:21+0000,coverage,65.1
2026-04-29T00:42:21+0000,duplicated_lines_density,0.0
2026-04-29T00:42:21+0000,line_coverage,66.0
2026-04-29T00:42:21+0000,ncloc,22351.0
2026-04-29T00:42:21+0000,reliability_rating,1.0
2026-04-29T00:42:21+0000,security_rating,1.0
2026-04-29T00:42:21+0000,sqale_rating,1.0
2026-04-29T00:42:21+0000,violations,5.0
2026-04-29T00:42:21+0000,vulnerabilities,0.0
2026-04-29T00:46:35+0000,bugs,0.0
2026-04-29T00:46:35+0000,code_smells,5.0
2026-04-29T00:46:35+0000,coverage,65.4
2026-04-29T00:46:35+0000,duplicated_lines_density,0.0
2026-04-29T00:46:35+0000,line_coverage,66.3
2026-04-29T00:46:35+0000,ncloc,22351.0
2026-04-29T00:46:35+0000,reliability_rating,1.0
2026-04-29T00:46:35+0000,security_rating,1.0
2026-04-29T00:46:35+0000,sqale_rating,1.0
2026-04-29T00:46:35+0000,violations,5.0
2026-04-29T00:46:35+0000,vulnerabilities,0.0
2026-04-29T00:50:38+0000,bugs,0.0
2026-04-29T00:50:38+0000,code_smells,5.0
2026-04-29T00:50:38+0000,coverage,65.9
2026-04-29T00:50:38+0000,duplicated_lines_density,0.0
2026-04-29T00:50:38+0000,line_coverage,66.9
2026-04-29T00:50:38+0000,ncloc,22351.0
2026-04-29T00:50:38+0000,reliability_rating,1.0
2026-04-29T00:50:38+0000,security_rating,1.0
2026-04-29T00:50:38+0000,sqale_rating,1.0
2026-04-29T00:50:38+0000,violations,5.0
2026-04-29T00:50:38+0000,vulnerabilities,0.0
2026-04-29T00:52:01+0000,bugs,0.0
2026-04-29T00:52:01+0000,code_smells,5.0
2026-04-29T00:52:01+0000,coverage,66.0
2026-04-29T00:52:01+0000,duplicated_lines_density,0.0
2026-04-29T00:52:01+0000,line_coverage,66.9
2026-04-29T00:52:01+0000,ncloc,22351.0
2026-04-29T00:52:01+0000,reliability_rating,1.0
2026-04-29T00:52:01+0000,security_rating,1.0
2026-04-29T00:52:01+0000,sqale_rating,1.0
2026-04-29T00:52:01+0000,violations,5.0
2026-04-29T00:52:01+0000,vulnerabilities,0.0
2026-04-29T00:55:29+0000,bugs,0.0
2026-04-29T00:55:29+0000,code_smells,5.0
2026-04-29T00:55:29+0000,coverage,67.8
2026-04-29T00:55:29+0000,duplicated_lines_density,0.0
2026-04-29T00:55:29+0000,line_coverage,68.9
2026-04-29T00:55:29+0000,ncloc,22351.0
2026-04-29T00:55:29+0000,reliability_rating,1.0
2026-04-29T00:55:29+0000,security_rating,1.0
2026-04-29T00:55:29+0000,sqale_rating,1.0
2026-04-29T00:55:29+0000,violations,5.0
2026-04-29T00:55:29+0000,vulnerabilities,0.0
2026-04-29T00:58:22+0000,bugs,0.0
2026-04-29T00:58:22+0000,code_smells,5.0
2026-04-29T00:58:22+0000,coverage,69.5
2026-04-29T00:58:22+0000,duplicated_lines_density,0.0
2026-04-29T00:58:22+0000,line_coverage,70.7
2026-04-29T00:58:22+0000,ncloc,22351.0
2026-04-29T00:58:22+0000,reliability_rating,1.0
2026-04-29T00:58:22+0000,security_rating,1.0
2026-04-29T00:58:22+0000,sqale_rating,1.0
2026-04-29T00:58:22+0000,violations,5.0
2026-04-29T00:58:22+0000,vulnerabilities,0.0
2026-04-29T01:01:59+0000,bugs,0.0
2026-04-29T01:01:59+0000,code_smells,5.0
2026-04-29T01:01:59+0000,coverage,71.1
2026-04-29T01:01:59+0000,duplicated_lines_density,0.0
2026-04-29T01:01:59+0000,line_coverage,72.4
2026-04-29T01:01:59+0000,ncloc,22351.0
2026-04-29T01:01:59+0000,reliability_rating,1.0
2026-04-29T01:01:59+0000,security_rating,1.0
2026-04-29T01:01:59+0000,sqale_rating,1.0
2026-04-29T01:01:59+0000,violations,5.0
2026-04-29T01:01:59+0000,vulnerabilities,0.0
2026-04-29T01:03:44+0000,bugs,0.0
2026-04-29T01:03:44+0000,code_smells,5.0
2026-04-29T01:03:44+0000,coverage,71.8
2026-04-29T01:03:44+0000,duplicated_lines_density,0.0
2026-04-29T01:03:44+0000,line_coverage,73.1
2026-04-29T01:03:44+0000,ncloc,22351.0
2026-04-29T01:03:44+0000,reliability_rating,1.0
2026-04-29T01:03:44+0000,security_rating,1.0
2026-04-29T01:03:44+0000,sqale_rating,1.0
2026-04-29T01:03:44+0000,violations,5.0
2026-04-29T01:03:44+0000,vulnerabilities,0.0
2026-04-29T01:05:38+0000,bugs,0.0
2026-04-29T01:05:38+0000,code_smells,5.0
2026-04-29T01:05:38+0000,coverage,72.9
2026-04-29T01:05:38+0000,duplicated_lines_density,0.0
2026-04-29T01:05:38+0000,line_coverage,74.3
2026-04-29T01:05:38+0000,ncloc,22351.0
2026-04-29T01:05:38+0000,reliability_rating,1.0
2026-04-29T01:05:38+0000,security_rating,1.0
2026-04-29T01:05:38+0000,sqale_rating,1.0
2026-04-29T01:05:38+0000,violations,5.0
2026-04-29T01:05:38+0000,vulnerabilities,0.0
2026-04-29T01:07:36+0000,bugs,0.0
2026-04-29T01:07:36+0000,code_smells,5.0
2026-04-29T01:07:36+0000,coverage,73.1
2026-04-29T01:07:36+0000,duplicated_lines_density,0.0
2026-04-29T01:07:36+0000,line_coverage,74.6
2026-04-29T01:07:36+0000,ncloc,22351.0
2026-04-29T01:07:36+0000,reliability_rating,1.0
2026-04-29T01:07:36+0000,security_rating,1.0
2026-04-29T01:07:36+0000,sqale_rating,1.0
2026-04-29T01:07:36+0000,violations,5.0
2026-04-29T01:07:36+0000,vulnerabilities,0.0
2026-04-29T01:09:33+0000,bugs,0.0
2026-04-29T01:09:33+0000,code_smells,5.0
2026-04-29T01:09:33+0000,coverage,74.0
2026-04-29T01:09:33+0000,duplicated_lines_density,0.0
2026-04-29T01:09:33+0000,line_coverage,75.4
2026-04-29T01:09:33+0000,ncloc,22351.0
2026-04-29T01:09:33+0000,reliability_rating,1.0
2026-04-29T01:09:33+0000,security_rating,1.0
2026-04-29T01:09:33+0000,sqale_rating,1.0
2026-04-29T01:09:33+0000,violations,5.0
2026-04-29T01:09:33+0000,vulnerabilities,0.0
2026-04-29T01:13:11+0000,bugs,0.0
2026-04-29T01:13:11+0000,code_smells,5.0
2026-04-29T01:13:11+0000,coverage,75.3
2026-04-29T01:13:11+0000,duplicated_lines_density,0.0
2026-04-29T01:13:11+0000,line_coverage,76.9
2026-04-29T01:13:11+0000,ncloc,22351.0
2026-04-29T01:13:11+0000,reliability_rating,1.0
2026-04-29T01:13:11+0000,security_rating,1.0
2026-04-29T01:13:11+0000,sqale_rating,1.0
2026-04-29T01:13:11+0000,violations,5.0
2026-04-29T01:13:11+0000,vulnerabilities,0.0
2026-04-29T01:15:50+0000,bugs,0.0
2026-04-29T01:15:50+0000,code_smells,5.0
2026-04-29T01:15:50+0000,coverage,77.3
2026-04-29T01:15:50+0000,duplicated_lines_density,0.0
2026-04-29T01:15:50+0000,line_coverage,79.0
2026-04-29T01:15:50+0000,ncloc,22351.0
2026-04-29T01:15:50+0000,reliability_rating,1.0
2026-04-29T01:15:50+0000,security_rating,1.0
2026-04-29T01:15:50+0000,sqale_rating,1.0
2026-04-29T01:15:50+0000,violations,5.0
2026-04-29T01:15:50+0000,vulnerabilities,0.0
2026-04-29T01:18:04+0000,bugs,0.0
2026-04-29T01:18:04+0000,code_smells,5.0
2026-04-29T01:18:04+0000,coverage,78.4
2026-04-29T01:18:04+0000,duplicated_lines_density,0.0
2026-04-29T01:18:04+0000,line_coverage,80.1
2026-04-29T01:18:04+0000,ncloc,22351.0
2026-04-29T01:18:04+0000,reliability_rating,1.0
2026-04-29T01:18:04+0000,security_rating,1.0
2026-04-29T01:18:04+0000,sqale_rating,1.0
2026-04-29T01:18:04+0000,violations,5.0
2026-04-29T01:18:04+0000,vulnerabilities,0.0
2026-04-29T01:19:50+0000,bugs,0.0
2026-04-29T01:19:50+0000,code_smells,5.0
2026-04-29T01:19:50+0000,coverage,78.7
2026-04-29T01:19:50+0000,duplicated_lines_density,0.0
2026-04-29T01:19:50+0000,line_coverage,80.5
2026-04-29T01:19:50+0000,ncloc,22351.0
2026-04-29T01:19:50+0000,reliability_rating,1.0
2026-04-29T01:19:50+0000,security_rating,1.0
2026-04-29T01:19:50+0000,sqale_rating,1.0
2026-04-29T01:19:50+0000,violations,5.0
2026-04-29T01:19:50+0000,vulnerabilities,0.0
2026-04-29T10:27:55+0000,bugs,0.0
2026-04-29T10:27:55+0000,code_smells,5.0
2026-04-29T10:27:55+0000,coverage,80.0
2026-04-29T10:27:55+0000,duplicated_lines_density,0.0
2026-04-29T10:27:55+0000,line_coverage,81.9
2026-04-29T10:27:55+0000,ncloc,22351.0
2026-04-29T10:27:55+0000,reliability_rating,1.0
2026-04-29T10:27:55+0000,security_rating,1.0
2026-04-29T10:27:55+0000,sqale_rating,1.0
2026-04-29T10:27:55+0000,violations,5.0
2026-04-29T10:27:55+0000,vulnerabilities,0.0
2026-04-29T10:33:53+0000,bugs,0.0
2026-04-29T10:33:53+0000,code_smells,5.0
2026-04-29T10:33:53+0000,coverage,80.7
2026-04-29T10:33:53+0000,duplicated_lines_density,0.0
2026-04-29T10:33:53+0000,line_coverage,82.6
2026-04-29T10:33:53+0000,ncloc,22351.0
2026-04-29T10:33:53+0000,reliability_rating,1.0
2026-04-29T10:33:53+0000,security_rating,1.0
2026-04-29T10:33:53+0000,sqale_rating,1.0
2026-04-29T10:33:53+0000,violations,5.0
2026-04-29T10:33:53+0000,vulnerabilities,0.0
2026-04-29T10:35:53+0000,bugs,0.0
2026-04-29T10:35:53+0000,code_smells,5.0
2026-04-29T10:35:53+0000,coverage,81.3
2026-04-29T10:35:53+0000,duplicated_lines_density,0.0
2026-04-29T10:35:53+0000,line_coverage,83.3
2026-04-29T10:35:53+0000,ncloc,22351.0
2026-04-29T10:35:53+0000,reliability_rating,1.0
2026-04-29T10:35:53+0000,security_rating,1.0
2026-04-29T10:35:53+0000,sqale_rating,1.0
2026-04-29T10:35:53+0000,violations,5.0
2026-04-29T10:35:53+0000,vulnerabilities,0.0
2026-04-29T10:39:06+0000,bugs,0.0
2026-04-29T10:39:06+0000,code_smells,5.0
2026-04-29T10:39:06+0000,coverage,81.7
2026-04-29T10:39:06+0000,duplicated_lines_density,0.0
2026-04-29T10:39:06+0000,line_coverage,83.7
2026-04-29T10:39:06+0000,ncloc,22351.0
2026-04-29T10:39:06+0000,reliability_rating,1.0
2026-04-29T10:39:06+0000,security_rating,1.0
2026-04-29T10:39:06+0000,sqale_rating,1.0
2026-04-29T10:39:06+0000,violations,5.0
2026-04-29T10:39:06+0000,vulnerabilities,0.0
2026-04-29T10:53:09+0000,bugs,0.0
2026-04-29T10:53:09+0000,code_smells,0.0
2026-04-29T10:53:09+0000,coverage,81.7
2026-04-29T10:53:09+0000,duplicated_lines_density,0.0
2026-04-29T10:53:09+0000,line_coverage,83.7
2026-04-29T10:53:09+0000,ncloc,22403.0
2026-04-29T10:53:09+0000,reliability_rating,1.0
2026-04-29T10:53:09+0000,security_rating,1.0
2026-04-29T10:53:09+0000,sqale_rating,1.0
2026-04-29T10:53:09+0000,violations,0.0
2026-04-29T10:53:09+0000,vulnerabilities,0.0
2026-04-29T10:59:22+0000,bugs,0.0
2026-04-29T10:59:22+0000,code_smells,0.0
2026-04-29T10:59:22+0000,coverage,81.7
2026-04-29T10:59:22+0000,duplicated_lines_density,0.0
2026-04-29T10:59:22+0000,line_coverage,83.7
2026-04-29T10:59:22+0000,ncloc,22410.0
2026-04-29T10:59:22+0000,reliability_rating,1.0
2026-04-29T10:59:22+0000,security_rating,1.0
2026-04-29T10:59:22+0000,sqale_rating,1.0
2026-04-29T10:59:22+0000,violations,0.0
2026-04-29T10:59:22+0000,vulnerabilities,0.0
2026-04-29T11:01:12+0000,bugs,0.0
2026-04-29T11:01:12+0000,code_smells,0.0
2026-04-29T11:01:12+0000,coverage,81.7
2026-04-29T11:01:12+0000,duplicated_lines_density,0.0
2026-04-29T11:01:12+0000,line_coverage,83.8
2026-04-29T11:01:12+0000,ncloc,22437.0
2026-04-29T11:01:12+0000,reliability_rating,1.0
2026-04-29T11:01:12+0000,security_rating,1.0
2026-04-29T11:01:12+0000,sqale_rating,1.0
2026-04-29T11:01:12+0000,violations,0.0
2026-04-29T11:01:12+0000,vulnerabilities,0.0
2026-04-29T11:07:10+0000,bugs,0.0
2026-04-29T11:07:10+0000,code_smells,0.0
2026-04-29T11:07:10+0000,coverage,81.7
2026-04-29T11:07:10+0000,duplicated_lines_density,0.0
2026-04-29T11:07:10+0000,line_coverage,83.8
2026-04-29T11:07:10+0000,ncloc,22437.0
2026-04-29T11:07:10+0000,reliability_rating,1.0
2026-04-29T11:07:10+0000,security_rating,1.0
2026-04-29T11:07:10+0000,sqale_rating,1.0
2026-04-29T11:07:10+0000,violations,0.0
2026-04-29T11:07:10+0000,vulnerabilities,0.0
2026-04-29T11:44:48+0000,bugs,0.0
2026-04-29T11:44:48+0000,code_smells,0.0
2026-04-29T11:44:48+0000,coverage,81.7
2026-04-29T11:44:48+0000,duplicated_lines_density,0.0
2026-04-29T11:44:48+0000,line_coverage,83.8
2026-04-29T11:44:48+0000,ncloc,22439.0
2026-04-29T11:44:48+0000,reliability_rating,1.0
2026-04-29T11:44:48+0000,security_rating,1.0
2026-04-29T11:44:48+0000,sqale_rating,1.0
2026-04-29T11:44:48+0000,violations,0.0
2026-04-29T11:44:48+0000,vulnerabilities,0.0
2026-04-29T11:46:30+0000,bugs,0.0
2026-04-29T11:46:30+0000,code_smells,0.0
2026-04-29T11:46:30+0000,coverage,81.7
2026-04-29T11:46:30+0000,duplicated_lines_density,0.0
2026-04-29T11:46:30+0000,line_coverage,83.8
2026-04-29T11:46:30+0000,ncloc,22439.0
2026-04-29T11:46:30+0000,reliability_rating,1.0
2026-04-29T11:46:30+0000,security_rating,1.0
2026-04-29T11:46:30+0000,sqale_rating,1.0
2026-04-29T11:46:30+0000,tests,148.0
2026-04-29T11:46:30+0000,violations,0.0
2026-04-29T11:46:30+0000,vulnerabilities,0.0
2026-04-29T11:47:18+0000,bugs,0.0
2026-04-29T11:47:18+0000,code_smells,0.0
2026-04-29T11:47:18+0000,coverage,81.7
2026-04-29T11:47:18+0000,duplicated_lines_density,0.0
2026-04-29T11:47:18+0000,line_coverage,83.8
2026-04-29T11:47:18+0000,ncloc,22439.0
2026-04-29T11:47:18+0000,reliability_rating,1.0
2026-04-29T11:47:18+0000,security_rating,1.0
2026-04-29T11:47:18+0000,sqale_rating,1.0
2026-04-29T11:47:18+0000,tests,148.0
2026-04-29T11:47:18+0000,violations,0.0
2026-04-29T11:47:18+0000,vulnerabilities,0.0
2026-04-29T11:59:57+0000,bugs,0.0
2026-04-29T11:59:57+0000,code_smells,0.0
2026-04-29T11:59:57+0000,coverage,81.7
2026-04-29T11:59:57+0000,duplicated_lines_density,0.0
2026-04-29T11:59:57+0000,line_coverage,83.8
2026-04-29T11:59:57+0000,ncloc,22439.0
2026-04-29T11:59:57+0000,reliability_rating,1.0
2026-04-29T11:59:57+0000,security_rating,1.0
2026-04-29T11:59:57+0000,sqale_rating,1.0
2026-04-29T11:59:57+0000,tests,148.0
2026-04-29T11:59:57+0000,violations,0.0
2026-04-29T11:59:57+0000,vulnerabilities,0.0
2026-04-29T12:01:04+0000,bugs,0.0
2026-04-29T12:01:04+0000,code_smells,0.0
2026-04-29T12:01:04+0000,coverage,82.7
2026-04-29T12:01:04+0000,duplicated_lines_density,0.0
2026-04-29T12:01:04+0000,line_coverage,84.8
2026-04-29T12:01:04+0000,ncloc,22439.0
2026-04-29T12:01:04+0000,reliability_rating,1.0
2026-04-29T12:01:04+0000,security_rating,1.0
2026-04-29T12:01:04+0000,sqale_rating,1.0
2026-04-29T12:01:04+0000,tests,148.0
2026-04-29T12:01:04+0000,violations,0.0
2026-04-29T12:01:04+0000,vulnerabilities,0.0
2026-04-29T12:04:37+0000,bugs,0.0
2026-04-29T12:04:37+0000,code_smells,0.0
2026-04-29T12:04:37+0000,coverage,83.9
2026-04-29T12:04:37+0000,duplicated_lines_density,0.0
2026-04-29T12:04:37+0000,line_coverage,86.1
2026-04-29T12:04:37+0000,ncloc,22439.0
2026-04-29T12:04:37+0000,reliability_rating,1.0
2026-04-29T12:04:37+0000,security_rating,1.0
2026-04-29T12:04:37+0000,sqale_rating,1.0
2026-04-29T12:04:37+0000,tests,148.0
2026-04-29T12:04:37+0000,violations,0.0
2026-04-29T12:04:37+0000,vulnerabilities,0.0
2026-04-29T12:06:56+0000,bugs,0.0
2026-04-29T12:06:56+0000,code_smells,0.0
2026-04-29T12:06:56+0000,coverage,83.9
2026-04-29T12:06:56+0000,duplicated_lines_density,0.0
2026-04-29T12:06:56+0000,line_coverage,86.1
2026-04-29T12:06:56+0000,ncloc,22439.0
2026-04-29T12:06:56+0000,reliability_rating,1.0
2026-04-29T12:06:56+0000,security_rating,1.0
2026-04-29T12:06:56+0000,sqale_rating,1.0
2026-04-29T12:06:56+0000,tests,148.0
2026-04-29T12:06:56+0000,violations,0.0
2026-04-29T12:06:56+0000,vulnerabilities,0.0
2026-04-29T12:16:25+0000,bugs,0.0
2026-04-29T12:16:25+0000,code_smells,0.0
2026-04-29T12:16:25+0000,coverage,83.9
2026-04-29T12:16:25+0000,duplicated_lines_density,0.0
2026-04-29T12:16:25+0000,line_coverage,86.1
2026-04-29T12:16:25+0000,ncloc,22439.0
2026-04-29T12:16:25+0000,reliability_rating,1.0
2026-04-29T12:16:25+0000,security_rating,1.0
2026-04-29T12:16:25+0000,sqale_rating,1.0
2026-04-29T12:16:25+0000,tests,148.0
2026-04-29T12:16:25+0000,violations,0.0
2026-04-29T12:16:25+0000,vulnerabilities,0.0
2026-04-29T12:36:41+0000,bugs,0.0
2026-04-29T12:36:41+0000,code_smells,0.0
2026-04-29T12:36:41+0000,coverage,83.9
2026-04-29T12:36:41+0000,duplicated_lines_density,0.0
2026-04-29T12:36:41+0000,line_coverage,86.1
2026-04-29T12:36:41+0000,ncloc,22439.0
2026-04-29T12:36:41+0000,reliability_rating,1.0
2026-04-29T12:36:41+0000,security_rating,1.0
2026-04-29T12:36:41+0000,sqale_rating,1.0
2026-04-29T12:36:41+0000,tests,148.0
2026-04-29T12:36:41+0000,violations,0.0
2026-04-29T12:36:41+0000,vulnerabilities,0.0
2026-04-29T12:39:01+0000,bugs,0.0
2026-04-29T12:39:01+0000,code_smells,0.0
2026-04-29T12:39:01+0000,coverage,44.7
2026-04-29T12:39:01+0000,duplicated_lines_density,0.0
2026-04-29T12:39:01+0000,line_coverage,44.1
2026-04-29T12:39:01+0000,ncloc,16595.0
2026-04-29T12:39:01+0000,reliability_rating,1.0
2026-04-29T12:39:01+0000,security_rating,1.0
2026-04-29T12:39:01+0000,sqale_rating,1.0
2026-04-29T12:39:01+0000,tests,148.0
2026-04-29T12:39:01+0000,violations,0.0
2026-04-29T12:39:01+0000,vulnerabilities,0.0
2026-04-29T12:40:48+0000,bugs,0.0
2026-04-29T12:40:48+0000,code_smells,0.0
2026-04-29T12:40:48+0000,coverage,85.0
2026-04-29T12:40:48+0000,duplicated_lines_density,0.0
2026-04-29T12:40:48+0000,line_coverage,87.3
2026-04-29T12:40:48+0000,ncloc,22439.0
2026-04-29T12:40:48+0000,reliability_rating,1.0
2026-04-29T12:40:48+0000,security_rating,1.0
2026-04-29T12:40:48+0000,sqale_rating,1.0
2026-04-29T12:40:48+0000,tests,148.0
2026-04-29T12:40:48+0000,violations,0.0
2026-04-29T12:40:48+0000,vulnerabilities,0.0
2026-04-29T13:27:24+0000,bugs,0.0
2026-04-29T13:27:24+0000,code_smells,0.0
2026-04-29T13:27:24+0000,coverage,85.7
2026-04-29T13:27:24+0000,duplicated_lines_density,0.0
2026-04-29T13:27:24+0000,line_coverage,88.0
2026-04-29T13:27:24+0000,ncloc,22439.0
2026-04-29T13:27:24+0000,reliability_rating,1.0
2026-04-29T13:27:24+0000,security_rating,1.0
2026-04-29T13:27:24+0000,sqale_rating,1.0
2026-04-29T13:27:24+0000,tests,248.0
2026-04-29T13:27:24+0000,violations,0.0
2026-04-29T13:27:24+0000,vulnerabilities,0.0
2026-04-29T15:45:15+0000,bugs,0.0
2026-04-29T15:45:15+0000,code_smells,0.0
2026-04-29T15:45:15+0000,coverage,85.7
2026-04-29T15:45:15+0000,duplicated_lines_density,0.0
2026-04-29T15:45:15+0000,line_coverage,88.0
2026-04-29T15:45:15+0000,ncloc,22439.0
2026-04-29T15:45:15+0000,reliability_rating,1.0
2026-04-29T15:45:15+0000,security_rating,1.0
2026-04-29T15:45:15+0000,sqale_rating,1.0
2026-04-29T15:45:15+0000,tests,248.0
2026-04-29T15:45:15+0000,violations,0.0
2026-04-29T15:45:15+0000,vulnerabilities,0.0
2026-04-29T15:47:19+0000,bugs,0.0
2026-04-29T15:47:19+0000,code_smells,0.0
2026-04-29T15:47:19+0000,coverage,86.3
2026-04-29T15:47:19+0000,duplicated_lines_density,0.0
2026-04-29T15:47:19+0000,line_coverage,88.6
2026-04-29T15:47:19+0000,ncloc,22439.0
2026-04-29T15:47:19+0000,reliability_rating,1.0
2026-04-29T15:47:19+0000,security_rating,1.0
2026-04-29T15:47:19+0000,sqale_rating,1.0
2026-04-29T15:47:19+0000,tests,332.0
2026-04-29T15:47:19+0000,violations,0.0
2026-04-29T15:47:19+0000,vulnerabilities,0.0
2026-04-29T15:52:01+0000,bugs,0.0
2026-04-29T15:52:01+0000,code_smells,0.0
2026-04-29T15:52:01+0000,coverage,86.7
2026-04-29T15:52:01+0000,duplicated_lines_density,0.0
2026-04-29T15:52:01+0000,line_coverage,89.0
2026-04-29T15:52:01+0000,ncloc,22439.0
2026-04-29T15:52:01+0000,reliability_rating,1.0
2026-04-29T15:52:01+0000,security_rating,1.0
2026-04-29T15:52:01+0000,sqale_rating,1.0
2026-04-29T15:52:01+0000,tests,332.0
2026-04-29T15:52:01+0000,violations,0.0
2026-04-29T15:52:01+0000,vulnerabilities,0.0
2026-04-29T15:55:31+0000,bugs,0.0
2026-04-29T15:55:31+0000,code_smells,0.0
2026-04-29T15:55:31+0000,coverage,86.7
2026-04-29T15:55:31+0000,duplicated_lines_density,0.0
2026-04-29T15:55:31+0000,line_coverage,89.0
2026-04-29T15:55:31+0000,ncloc,16587.0
2026-04-29T15:55:31+0000,reliability_rating,1.0
2026-04-29T15:55:31+0000,security_rating,1.0
2026-04-29T15:55:31+0000,sqale_rating,1.0
2026-04-29T15:55:31+0000,tests,148.0
2026-04-29T15:55:31+0000,violations,0.0
2026-04-29T15:55:31+0000,vulnerabilities,0.0
2026-04-29T16:00:40+0000,bugs,0.0
2026-04-29T16:00:40+0000,code_smells,0.0
2026-04-29T16:00:40+0000,coverage,86.7
2026-04-29T16:00:40+0000,duplicated_lines_density,0.0
2026-04-29T16:00:40+0000,line_coverage,89.0
2026-04-29T16:00:40+0000,ncloc,16587.0
2026-04-29T16:00:40+0000,reliability_rating,1.0
2026-04-29T16:00:40+0000,security_rating,1.0
2026-04-29T16:00:40+0000,sqale_rating,1.0
2026-04-29T16:00:40+0000,tests,148.0
2026-04-29T16:00:40+0000,violations,0.0
2026-04-29T16:00:40+0000,vulnerabilities,0.0
2026-04-29T18:57:26+0000,bugs,0.0
2026-04-29T18:57:26+0000,code_smells,0.0
2026-04-29T18:57:26+0000,coverage,86.7
2026-04-29T18:57:26+0000,duplicated_lines_density,0.0
2026-04-29T18:57:26+0000,line_coverage,89.0
2026-04-29T18:57:26+0000,ncloc,16587.0
2026-04-29T18:57:26+0000,reliability_rating,1.0
2026-04-29T18:57:26+0000,security_rating,1.0
2026-04-29T18:57:26+0000,sqale_rating,1.0
2026-04-29T18:57:26+0000,tests,148.0
2026-04-29T18:57:26+0000,violations,0.0
2026-04-29T18:57:26+0000,vulnerabilities,0.0
2026-04-29T18:57:53+0000,bugs,0.0
2026-04-29T18:57:53+0000,code_smells,0.0
2026-04-29T18:57:53+0000,coverage,86.7
2026-04-29T18:57:53+0000,duplicated_lines_density,0.0
2026-04-29T18:57:53+0000,line_coverage,89.0
2026-04-29T18:57:53+0000,ncloc,16587.0
2026-04-29T18:57:53+0000,reliability_rating,1.0
2026-04-29T18:57:53+0000,security_rating,1.0
2026-04-29T18:57:53+0000,sqale_rating,1.0
2026-04-29T18:57:53+0000,tests,148.0
2026-04-29T18:57:53+0000,violations,0.0
2026-04-29T18:57:53+0000,vulnerabilities,0.0
2026-05-09T00:05:18+0000,bugs,0.0
2026-05-09T00:05:18+0000,code_smells,29.0
2026-05-09T00:05:18+0000,coverage,86.1
2026-05-09T00:05:18+0000,duplicated_lines_density,0.0
2026-05-09T00:05:18+0000,line_coverage,88.4
2026-05-09T00:05:18+0000,ncloc,20655.0
2026-05-09T00:05:18+0000,new_coverage,
2026-05-09T00:05:18+0000,new_duplicated_lines_density,
2026-05-09T00:05:18+0000,new_maintainability_rating,
2026-05-09T00:05:18+0000,new_reliability_rating,
2026-05-09T00:05:18+0000,new_security_rating,
2026-05-09T00:05:18+0000,reliability_rating,1.0
2026-05-09T00:05:18+0000,security_rating,1.0
2026-05-09T00:05:18+0000,sqale_rating,1.0
2026-05-09T00:05:18+0000,tests,42.0
2026-05-09T00:05:18+0000,violations,29.0
2026-05-09T00:05:18+0000,vulnerabilities,0.0
2026-05-09T00:42:23+0000,bugs,0.0
2026-05-09T00:42:23+0000,code_smells,20.0
2026-05-09T00:42:23+0000,coverage,86.1
2026-05-09T00:42:23+0000,duplicated_lines_density,0.0
2026-05-09T00:42:23+0000,line_coverage,88.4
2026-05-09T00:42:23+0000,ncloc,20660.0
2026-05-09T00:42:23+0000,new_coverage,
2026-05-09T00:42:23+0000,new_duplicated_lines_density,
2026-05-09T00:42:23+0000,new_maintainability_rating,
2026-05-09T00:42:23+0000,new_reliability_rating,
2026-05-09T00:42:23+0000,new_security_rating,
2026-05-09T00:42:23+0000,reliability_rating,1.0
2026-05-09T00:42:23+0000,security_rating,1.0
2026-05-09T00:42:23+0000,sqale_rating,1.0
2026-05-09T00:42:23+0000,tests,42.0
2026-05-09T00:42:23+0000,violations,20.0
2026-05-09T00:42:23+0000,vulnerabilities,0.0
2026-05-09T00:52:38+0000,bugs,0.0
2026-05-09T00:52:38+0000,code_smells,20.0
2026-05-09T00:52:38+0000,coverage,86.9
2026-05-09T00:52:38+0000,duplicated_lines_density,0.0
2026-05-09T00:52:38+0000,line_coverage,88.4
2026-05-09T00:52:38+0000,ncloc,21211.0
2026-05-09T00:52:38+0000,new_coverage,
2026-05-09T00:52:38+0000,new_duplicated_lines_density,
2026-05-09T00:52:38+0000,new_maintainability_rating,
2026-05-09T00:52:38+0000,new_reliability_rating,
2026-05-09T00:52:38+0000,new_security_rating,
2026-05-09T00:52:38+0000,reliability_rating,1.0
2026-05-09T00:52:38+0000,security_rating,5.0
2026-05-09T00:52:38+0000,sqale_rating,1.0
2026-05-09T00:52:38+0000,tests,808.0
2026-05-09T00:52:38+0000,violations,21.0
2026-05-09T00:52:38+0000,vulnerabilities,1.0
2026-05-09T01:19:05+0000,bugs,0.0
2026-05-09T01:19:05+0000,code_smells,20.0
2026-05-09T01:19:05+0000,coverage,86.9
2026-05-09T01:19:05+0000,duplicated_lines_density,0.0
2026-05-09T01:19:05+0000,line_coverage,89.1
2026-05-09T01:19:05+0000,ncloc,21227.0
2026-05-09T01:19:05+0000,new_coverage,
2026-05-09T01:19:05+0000,new_duplicated_lines_density,
2026-05-09T01:19:05+0000,new_maintainability_rating,
2026-05-09T01:19:05+0000,new_reliability_rating,
2026-05-09T01:19:05+0000,new_security_rating,
2026-05-09T01:19:05+0000,reliability_rating,1.0
2026-05-09T01:19:05+0000,security_rating,1.0
2026-05-09T01:19:05+0000,sqale_rating,1.0
2026-05-09T01:19:05+0000,tests,808.0
2026-05-09T01:19:05+0000,violations,20.0
2026-05-09T01:19:05+0000,vulnerabilities,0.0
