analysis_key,date,revision,detected_events_count,quality_gate_event
AZ2_O3qFLNBimBjJ0-Cr,2026-04-24T11:23:35+0000,e53f5ddd4e278384cf3892d2100815225f4a1eb0,1,Failed
AZ3MOFCjLNBimBjJ1Bmj,2026-04-26T23:55:24+0000,f31f6096061d354a6a3e0f105ca9398b8fb2952b,0,
AZ3OqwtWLNBimBjJ1FNP,2026-04-27T11:19:41+0000,81d754aff4d652e965f1b1508d19559626003667,0,
AZ3U56l6LNBimBjJ1QiC,2026-04-28T16:23:38+0000,75a6a04f8808149d40047a6520846e90344d75eb,1,
AZ3WisXR2lxRbexOA6hQ,2026-04-29T00:01:27+0000,75a6a04f8808149d40047a6520846e90344d75eb,0,
AZ3WjHwc2lxRbexOA8Yt,2026-04-29T00:03:20+0000,75a6a04f8808149d40047a6520846e90344d75eb,0,
AZ3Wjcz32lxRbexOA-QI,2026-04-29T00:04:45+0000,75a6a04f8808149d40047a6520846e90344d75eb,0,
AZ3WlMTh2lxRbexOBAHj,2026-04-29T00:12:21+0000,75a6a04f8808149d40047a6520846e90344d75eb,0,
AZ3Wlpqy2lxRbexOBB_P,2026-04-29T00:14:22+0000,75a6a04f8808149d40047a6520846e90344d75eb,0,
AZ3WmkWZ2lxRbexOBD3B,2026-04-29T00:18:22+0000,75a6a04f8808149d40047a6520846e90344d75eb,0,
AZ3Wm18k2lxRbexOBFu9,2026-04-29T00:19:36+0000,75a6a04f8808149d40047a6520846e90344d75eb,0,
AZ3WnYMw2lxRbexOBHm3,2026-04-29T00:21:56+0000,75a6a04f8808149d40047a6520846e90344d75eb,0,
AZ3WoA0B2lxRbexOBJe9,2026-04-29T00:24:42+0000,75a6a04f8808149d40047a6520846e90344d75eb,0,
AZ3WogG72lxRbexOBLXB,2026-04-29T00:26:49+0000,75a6a04f8808149d40047a6520846e90344d75eb,0,
AZ3Wqmnc2lxRbexOBNPR,2026-04-29T00:36:01+0000,75a6a04f8808149d40047a6520846e90344d75eb,0,
AZ3WsDfN2lxRbexOBPFX,2026-04-29T00:42:21+0000,75a6a04f8808149d40047a6520846e90344d75eb,0,
AZ3WtBEv2lxRbexOBQ7d,2026-04-29T00:46:35+0000,75a6a04f8808149d40047a6520846e90344d75eb,0,
AZ3Wt8sq2lxRbexOBSxZ,2026-04-29T00:50:38+0000,75a6a04f8808149d40047a6520846e90344d75eb,0,
AZ3WuQuS2lxRbexOBUnV,2026-04-29T00:52:01+0000,75a6a04f8808149d40047a6520846e90344d75eb,0,
AZ3WvDkc2lxRbexOBWdR,2026-04-29T00:55:29+0000,75a6a04f8808149d40047a6520846e90344d75eb,0,
AZ3WvuGU2lxRbexOBYTN,2026-04-29T00:58:22+0000,75a6a04f8808149d40047a6520846e90344d75eb,0,
AZ3Wwi4K2lxRbexOBaJJ,2026-04-29T01:01:59+0000,75a6a04f8808149d40047a6520846e90344d75eb,0,
AZ3Ww8Ro2lxRbexOBb_F,2026-04-29T01:03:44+0000,75a6a04f8808149d40047a6520846e90344d75eb,0,
AZ3WxYnf2lxRbexOBd1B,2026-04-29T01:05:38+0000,75a6a04f8808149d40047a6520846e90344d75eb,0,
AZ3Wx1dF2lxRbexOBfq9,2026-04-29T01:07:36+0000,75a6a04f8808149d40047a6520846e90344d75eb,0,
AZ3WyRx_2lxRbexOBhg5,2026-04-29T01:09:33+0000,75a6a04f8808149d40047a6520846e90344d75eb,0,
AZ3WzHEv2lxRbexOBjW1,2026-04-29T01:13:11+0000,75a6a04f8808149d40047a6520846e90344d75eb,0,
AZ3WztrM2lxRbexOBlMx,2026-04-29T01:15:50+0000,75a6a04f8808149d40047a6520846e90344d75eb,1,Passed
AZ3W0OaD2lxRbexOBnCu,2026-04-29T01:18:04+0000,75a6a04f8808149d40047a6520846e90344d75eb,0,
AZ3W0oTy2lxRbexOBo4q,2026-04-29T01:19:50+0000,75a6a04f8808149d40047a6520846e90344d75eb,0,
AZ3YyE3N2lxRbexOBqum,2026-04-29T10:27:55+0000,75a6a04f8808149d40047a6520846e90344d75eb,0,
AZ3Yzcak2lxRbexOBski,2026-04-29T10:33:53+0000,75a6a04f8808149d40047a6520846e90344d75eb,0,
AZ3Yz5ua2lxRbexOBuae,2026-04-29T10:35:53+0000,75a6a04f8808149d40047a6520846e90344d75eb,0,
AZ3Y0oo-2lxRbexOBwQa,2026-04-29T10:39:06+0000,75a6a04f8808149d40047a6520846e90344d75eb,0,
AZ3Y32h82lxRbexOByGW,2026-04-29T10:53:09+0000,75a6a04f8808149d40047a6520846e90344d75eb,0,
AZ3Y5R9l2lxRbexOBz7-,2026-04-29T10:59:22+0000,75a6a04f8808149d40047a6520846e90344d75eb,0,
AZ3Y5sYR2lxRbexOB1xl,2026-04-29T11:01:12+0000,75a6a04f8808149d40047a6520846e90344d75eb,0,
AZ3Y7D3y2lxRbexOB3my,2026-04-29T11:07:10+0000,75a6a04f8808149d40047a6520846e90344d75eb,0,
AZ3ZDrh52lxRbexOB5cd,2026-04-29T11:44:48+0000,75a6a04f8808149d40047a6520846e90344d75eb,0,
AZ3ZEEck2lxRbexOB7Sl,2026-04-29T11:46:30+0000,75a6a04f8808149d40047a6520846e90344d75eb,0,
AZ3ZEPpQ2lxRbexOB9JZ,2026-04-29T11:47:18+0000,75a6a04f8808149d40047a6520846e90344d75eb,0,
AZ3ZHI-T2lxRbexOB_AN,2026-04-29T11:59:57+0000,75a6a04f8808149d40047a6520846e90344d75eb,0,
AZ3ZHZk-2lxRbexOCA3B,2026-04-29T12:01:04+0000,75a6a04f8808149d40047a6520846e90344d75eb,0,
AZ3ZINXA2lxRbexOCCt1,2026-04-29T12:04:37+0000,75a6a04f8808149d40047a6520846e90344d75eb,0,
AZ3ZIvkU2lxRbexOCEkp,2026-04-29T12:06:56+0000,75a6a04f8808149d40047a6520846e90344d75eb,0,
AZ3ZK6ZF2lxRbexOCGbd,2026-04-29T12:16:25+0000,75a6a04f8808149d40047a6520846e90344d75eb,0,
AZ3ZPjPb2lxRbexOCISR,2026-04-29T12:36:41+0000,75a6a04f8808149d40047a6520846e90344d75eb,0,
AZ3ZQE8W2lxRbexOCKJE,2026-04-29T12:39:01+0000,75a6a04f8808149d40047a6520846e90344d75eb,1,Failed
AZ3ZQfzU2lxRbexOCL_f,2026-04-29T12:40:48+0000,75a6a04f8808149d40047a6520846e90344d75eb,1,Passed
AZ3ZbKbL2lxRbexOCN2W,2026-04-29T13:27:24+0000,75a6a04f8808149d40047a6520846e90344d75eb,0,
AZ3Z6tz72lxRbexOCPuC,2026-04-29T15:45:15+0000,75a6a04f8808149d40047a6520846e90344d75eb,0,
AZ3Z7MFa2lxRbexOCRmi,2026-04-29T15:47:19+0000,75a6a04f8808149d40047a6520846e90344d75eb,0,
AZ3Z8QhV2lxRbexOCTfC,2026-04-29T15:52:01+0000,75a6a04f8808149d40047a6520846e90344d75eb,0,
AZ3Z9D3Q2lxRbexOCVXi,2026-04-29T15:55:31+0000,75a6a04f8808149d40047a6520846e90344d75eb,0,
AZ3Z-QHH2lxRbexOCXNU,2026-04-29T16:00:40+0000,75a6a04f8808149d40047a6520846e90344d75eb,0,
AZ3amsoS2lxRbexOCZDF,2026-04-29T18:57:26+0000,8e8a0e9150236ea5489ade0326e760189e3b81ad,0,
AZ3amy-i2lxRbexOCa42,2026-04-29T18:57:53+0000,8e8a0e9150236ea5489ade0326e760189e3b81ad,1,
AZ4KDfWoFuOsbGftTJZB,2026-05-09T00:05:18+0000,current,2,Failed
AZ4KL-GfFuOsbGftTLSx,2026-05-09T00:42:23+0000,fb1242ff6ef0c421add36b600b15f782a45b9adb,2,Passed
AZ4KOSnCFuOsbGftTS9j,2026-05-09T00:52:38+0000,current,1,
AZ4KUWG0FuOsbGftTVCq,2026-05-09T01:19:05+0000,fb1242ff6ef0c421add36b600b15f782a45b9adb,1,
